,Player,Tm,Age,Pos,G,GS,Att,Yds,1D,YBC,YBC/Att,YAC,YAC/Att,BrkTkl,Att/Br
0,DerrickHenry,TEN,26,RB,16,16,378,2027,98.0,954,2.5,1073,2.8,34,11.1
1,DalvinCook,MIN,25,RB,14,14,312,1557,91.0,801,2.6,756,2.4,33,9.5
2,JoshJacobs,LVR,22,RB,15,15,273,1065,61.0,525,1.9,540,2.0,20,13.7
3,DavidMontgomery,CHI,23,RB,15,14,247,1070,59.0,480,1.9,590,2.4,29,8.5
4,EzekielElliott,DAL,25,RB,15,15,244,979,62.0,458,1.9,521,2.1,15,16.3
5,JamesRobinson,JAX,22,RB,14,14,240,1070,54.0,455,1.9,615,2.6,16,15.0
6,KenyanDrake,ARI,26,RB,15,13,239,955,59.0,549,2.3,406,1.7,16,14.9
7,JonathanTaylor,IND,21,RB,15,13,232,1169,69.0,690,3.0,479,2.1,15,15.5
8,MelvinGordon,DEN,27,rb,15,10,215,986,46.0,530,2.5,456,2.1,16,13.4
9,AaronJones,GNB,26,RB,14,14,201,1104,52.0,512,2.5,592,2.9,14,14.4
10,KareemHunt,CLE,25,rb,16,5,198,841,44.0,376,1.9,465,2.3,18,11.0
11,ToddGurley,ATL,26,RB,15,15,195,678,45.0,329,1.7,349,1.8,19,10.3
12,RonaldJones,TAM,23,RB,14,13,192,978,48.0,394,2.1,584,3.0,10,19.2
13,NickChubb,CLE,25,RB,12,12,190,1067,56.0,556,2.9,511,2.7,21,9.0
14,FrankGore,NYJ,37,RB,15,14,187,653,32.0,279,1.5,374,2.0,8,23.4
15,AlvinKamara,NOR,25,rb,15,10,187,932,58.0,526,2.8,406,2.2,19,9.8
16,ClydeEdwards-Helaire,KAN,21,RB,13,13,181,803,39.0,419,2.3,384,2.1,15,12.1
17,AntonioGibson,WAS,22,rb,14,10,170,795,40.0,447,2.6,348,2.0,20,8.5
18,JamesConner,PIT,25,RB,13,11,169,721,42.0,385,2.3,336,2.0,17,9.9
19,MikeDavis,CAR,27,RB,15,12,165,642,38.0,244,1.5,398,2.4,21,7.9
20,MilesSanders,PHI,23,RB,12,11,164,867,39.0,497,3.0,370,2.3,9,18.2
21,LamarJackson,BAL,23,QB,15,15,159,1005,56.0,800,5.0,205,1.3,8,19.9
22,AdrianPeterson,DET,35,rb,16,10,156,604,34.0,346,2.2,258,1.7,11,14.2
23,DevinSingletary,BUF,23,RB,16,16,156,687,40.0,238,1.5,449,2.9,9,17.3
24,WayneGallman,NYG,26,rb,15,10,147,682,35.0,320,2.2,362,2.5,10,14.7
25,DavidJohnson,HOU,29,RB,12,12,147,691,38.0,402,2.7,289,2.0,7,21.0
26,LataviusMurray,NOR,30,ss,15,7,146,656,36.0,363,2.5,293,2.0,4,36.5
27,CamAkers,LAR,21,rb,13,5,145,625,26.0,321,2.2,304,2.1,6,24.2
28,GusEdwards,BAL,25,rb,16,6,144,723,45.0,334,2.3,389,2.7,11,13.1
29,MylesGaskin,MIA,23,rb,10,7,142,584,27.0,297,2.1,287,2.0,6,23.7
30,ChrisCarson,SEA,26,RB,12,12,141,681,43.0,375,2.7,306,2.2,10,14.1
31,DarrellHenderson,LAR,23,RB,15,11,138,624,40.0,342,2.5,282,2.0,8,17.3
32,DamienHarris,NWE,23,rb,10,10,137,691,30.0,429,3.1,262,1.9,12,11.4
33,CamNewton,NWE,31,QB,15,15,137,592,55.0,411,3.0,181,1.3,4,34.3
34,JKDobbins,BAL,22,rb,15,1,134,805,38.0,411,3.1,394,2.9,7,19.1
35,KylerMurray,ARI,23,QB,16,16,133,819,52.0,691,5.2,128,1.0,5,26.6
36,JeffWilson,SFO,25,rb,12,3,126,600,31.0,327,2.6,273,2.2,9,14.0
37,GiovaniBernard,CIN,29,rb,16,10,124,416,23.0,189,1.5,227,1.8,8,15.5
38,JoeMixon,CIN,24,rb,6,6,119,428,20.0,226,1.9,202,1.7,3,39.7
39,JamaalWilliams,GNB,25,rb,14,3,119,505,29.0,277,2.3,228,1.9,5,23.8
40,PhillipLindsay,DEN,26,rb,11,8,118,502,19.0,316,2.7,186,1.6,5,23.6
41,AustinEkeler,LAC,25,rb,10,10,116,530,26.0,273,2.4,257,2.2,13,8.9
42,DAndreSwift,DET,21,rb,13,4,114,521,31.0,331,2.9,190,1.7,9,12.7
43,ZackMoss,BUF,23,,13,0,112,481,30.0,207,1.8,274,2.4,13,8.6
44,JoshuaKelley,LAC,23,,14,0,111,354,20.0,184,1.7,170,1.5,7,15.9
45,BennySnell,PIT,22,rb,16,3,111,368,25.0,160,1.4,208,1.9,6,18.5
46,RaheemMostert,SFO,28,rb,8,8,104,521,22.0,346,3.3,175,1.7,5,20.8
47,JoshAllen,BUF,24,QB,16,16,102,421,38.0,287,2.8,134,1.3,4,25.5
48,MalcolmBrown,LAR,27,,16,0,101,419,25.0,271,2.7,148,1.5,7,14.4
49,TonyPollard,DAL,23,rb,16,2,101,435,23.0,186,1.8,249,2.5,8,12.6
50,BrianHill,ATL,25,rb,16,1,100,465,18.0,208,2.1,257,2.6,6,16.7
51,ChaseEdmonds,ARI,24,rb,16,2,97,448,22.0,261,2.7,187,1.9,10,9.7
52,LeonardFournette,TAM,25,rb,13,3,97,367,21.0,169,1.7,198,2.0,0,
53,AlexanderMattison,MIN,22,rb,13,2,96,434,24.0,204,2.1,230,2.4,10,9.6
54,PeytonBarber,WAS,26,rb,16,2,94,258,26.0,144,1.5,114,1.2,4,23.5
55,DevontaeBooker,LVR,28,rb,16,1,93,423,21.0,236,2.5,187,2.0,5,18.6
56,KalenBallage,2TM,25,,11,2,91,303,25.0,157,1.7,146,1.6,4,22.8
57,DeshaunWatson,HOU,25,QB,16,16,90,444,31.0,331,3.7,113,1.3,7,12.9
58,NyheimHines,IND,24,rb,16,2,89,380,24.0,224,2.5,156,1.8,8,11.1
59,TaysomHill,NOR,30,wr,16,8,87,457,34.0,356,4.1,101,1.2,3,29.0
60,JDMcKissic,WAS,27,rb,16,7,85,365,25.0,180,2.1,185,2.2,9,9.4
61,JordanWilkins,IND,26,,15,0,84,308,17.0,148,1.8,160,1.9,10,8.4
62,RussellWilson,SEA,32,QB,16,16,83,513,25.0,489,5.9,24,0.3,0,
63,LeVeonBell,2TM,28,,11,4,82,328,21.0,163,2.0,165,2.0,9,9.1
64,CarlosHyde,SEA,30,,10,1,81,356,20.0,172,2.1,184,2.3,4,20.3
65,JerickMcKinnon,SFO,28,rb,16,4,81,319,16.0,191,2.4,128,1.6,3,27.0
66,BostonScott,PHI,25,rb,16,4,80,374,16.0,220,2.8,154,1.9,10,8.0
67,SonyMichel,NWE,25,rb,9,6,79,449,19.0,164,2.1,285,3.6,9,8.8
68,DukeJohnson,HOU,27,rb,11,5,77,235,11.0,119,1.5,116,1.5,5,15.4
69,SalvonAhmed,MIA,22,rb,6,4,75,319,18.0,245,3.3,74,1.0,4,18.8
70,MarkIngram,BAL,31,rb,11,9,72,299,14.0,173,2.4,126,1.8,6,12.0
71,RexBurkhead,NWE,30,,10,0,67,274,18.0,178,2.7,96,1.4,5,13.4
72,DanielJones,NYG,23,QB,14,14,65,423,15.0,375,5.8,48,0.7,1,65.0
73,CordarrellePatterson,CHI,29,wr,16,3,64,232,12.0,136,2.1,96,1.5,6,10.7
74,LaMicalPerine,NYJ,22,,10,0,64,232,18.0,132,2.1,100,1.6,2,32.0
75,JalenHurts,PHI,22,qb,15,4,63,354,25.0,285,4.5,69,1.1,4,15.8
76,SamajePerine,CIN,25,rb,16,1,63,301,16.0,149,2.4,152,2.4,5,12.6
77,ItoSmith,ATL,25,,14,0,63,268,8.0,182,2.9,86,1.4,2,31.5
78,PatrickMahomes,KAN,25,QB,15,15,62,308,22.0,261,4.2,47,0.8,2,31.0
79,MattBreida,MIA,25,rb,12,1,59,254,11.0,162,2.7,92,1.6,2,29.5
80,JustinJackson,LAC,24,rb,9,4,59,270,15.0,174,2.9,96,1.6,2,29.5
81,ChristianMcCaffrey,CAR,24,rb,3,3,59,225,14.0,97,1.6,128,2.2,9,6.6
82,JustinHerbert,LAC,22,QB,15,15,55,234,20.0,177,3.2,57,1.0,2,27.5
83,AlfredMorris,NYG,32,,9,0,55,238,13.0,115,2.1,123,2.2,3,18.3
84,DevontaFreeman,NYG,28,,5,4,54,172,7.0,104,1.9,68,1.3,2,27.0
85,TyJohnson,2TM,23,,13,1,54,254,11.0,155,2.9,99,1.8,1,54.0
86,BakerMayfield,CLE,25,QB,16,16,54,165,18.0,144,2.7,21,0.4,0,
87,TeddyBridgewater,CAR,28,QB,15,15,53,279,18.0,220,4.2,59,1.1,3,17.7
88,KerryonJohnson,DET,23,rb,16,2,52,181,9.0,116,2.2,65,1.3,3,17.3
89,CarsonWentz,PHI,28,QB,12,12,52,276,25.0,150,2.9,126,2.4,4,13.0
90,JaredGoff,LAR,26,QB,15,15,51,99,12.0,93,1.8,6,0.1,0,
91,JeremyMcNichols,TEN,25,,16,0,47,204,8.0,103,2.2,101,2.1,5,9.4
92,AJDillon,GNB,22,,11,0,46,242,11.0,100,2.2,142,3.1,6,7.7
93,DrewLock,DEN,24,QB,13,13,44,160,13.0,150,3.4,10,0.2,0,
94,RyanTannehill,TEN,32,QB,16,16,43,266,22.0,221,5.1,45,1.0,0,
95,CurtisSamuel,CAR,24,wr,15,5,41,200,10.0,87,2.1,113,2.8,3,13.7
96,RodneySmith,CAR,24,rb,7,1,41,156,14.0,80,2.0,76,1.9,5,8.2
97,DerekCarr,LVR,29,QB,16,16,39,140,16.0,130,3.3,10,0.3,1,39.0
98,JamycalHasty,SFO,24,,8,0,39,148,7.0,105,2.7,43,1.1,0,
99,DarrelWilliams,KAN,25,,16,0,39,169,14.0,104,2.7,65,1.7,0,
100,AaronRodgers,GNB,37,QB,16,16,38,149,15.0,143,3.8,6,0.2,0,
101,JoeBurrow,CIN,24,qb,10,10,37,142,14.0,119,3.2,23,0.6,3,12.3
102,SamDarnold,NYJ,23,QB,12,12,37,217,13.0,145,3.9,72,1.9,1,37.0
103,TuaTagovailoa,MIA,22,qb,10,9,36,109,13.0,80,2.2,29,0.8,0,
104,RoyceFreeman,DEN,24,,16,0,35,170,10.0,94,2.7,76,2.2,2,17.5
105,JordanHoward,2TM,26,,7,4,35,60,7.0,16,0.5,44,1.3,1,35.0
106,JamesWhite,NWE,28,,14,0,35,121,6.0,78,2.2,43,1.2,1,35.0
107,DeeJayDallas,SEA,22,rb,12,2,34,108,9.0,47,1.4,61,1.8,2,17.0
108,DErnestJohnson,CLE,24,,16,0,33,166,7.0,101,3.1,65,2.0,2,16.5
109,AnthonyMcFarland,PIT,21,,11,0,33,113,4.0,70,2.1,43,1.3,1,33.0
110,MitchellTrubisky,CHI,26,qb,10,9,33,195,12.0,145,4.4,50,1.5,2,16.5
111,KirkCousins,MIN,32,QB,16,16,32,156,16.0,141,4.4,15,0.5,1,32.0
112,DareOgunbowale,JAX,26,rb,14,2,32,145,6.0,72,2.3,73,2.3,3,10.7
113,DeAndreWashington,2TM,27,,4,1,31,91,2.0,57,1.8,34,1.1,1,31.0
114,TomBrady,TAM,43,QB,16,16,30,6,6.0,-2,-0.1,8,0.3,1,30.0
115,RyanFitzpatrick,MIA,38,qb,9,7,30,151,12.0,131,4.4,20,0.7,0,
116,JoshAdams,NYJ,24,,8,0,29,157,10.0,54,1.9,103,3.6,4,7.3
117,DionLewis,NYG,30,,16,0,29,115,7.0,67,2.3,48,1.7,1,29.0
118,GardnerMinshew,JAX,24,qb,9,8,29,153,10.0,149,5.1,4,0.1,0,
119,MattRyan,ATL,35,QB,16,16,29,92,8.0,83,2.9,9,0.3,0,
120,MatthewStafford,DET,32,QB,16,16,29,112,12.0,107,3.7,5,0.2,0,
121,TevinColeman,SFO,27,rb,8,1,28,53,3.0,6,0.2,47,1.7,3,9.3
122,AndyDalton,DAL,33,qb,11,9,28,114,11.0,101,3.6,13,0.5,0,
123,DarwinThompson,KAN,23,rb,14,1,27,97,7.0,54,2.0,43,1.6,1,27.0
124,KeShawnVaughn,TAM,23,,10,0,26,109,5.0,62,2.4,47,1.8,2,13.0
125,TrayveonWilliams,CIN,23,,10,0,26,157,5.0,54,2.1,103,4.0,3,8.7
126,TravisHomer,SEA,22,,9,0,25,88,2.0,56,2.2,32,1.3,2,12.5
127,BenRoethlisberger,PIT,38,QB,15,15,25,11,3.0,6,0.2,5,0.2,0,
128,RobertWoods,LAR,28,WR,16,16,24,155,9.0,122,5.1,33,1.4,0,
129,JJTaylor,NWE,22,,6,0,23,110,5.0,51,2.2,59,2.6,1,23.0
130,DOntaForeman,TEN,24,,6,0,22,95,6.0,46,2.1,49,2.2,2,11.0
131,JalenRichard,LVR,27,,13,0,22,123,7.0,76,3.5,47,2.1,1,22.0
132,CoreyClement,PHI,26,,15,0,21,75,3.0,43,2.0,32,1.5,0,
133,DwayneHaskins,WAS,23,qb,7,6,20,46,6.0,43,2.2,3,0.2,0,
134,SaquonBarkley,NYG,23,rb,2,2,19,34,1.0,-1,-0.1,35,1.8,1,19.0
135,TyMontgomery,NOR,27,rb,6,1,19,101,4.0,68,3.6,33,1.7,0,
136,DrewBrees,NOR,41,QB,12,12,18,-2,4.0,-6,-0.3,4,0.2,0,
137,AlexCollins,SEA,26,rb,3,1,18,77,5.0,41,2.3,36,2.0,0,
138,DakPrescott,DAL,27,qb,5,5,18,93,8.0,65,3.6,28,1.6,2,9.0
139,PhilipRivers,IND,39,QB,16,16,18,-8,0.0,-10,-0.6,2,0.1,0,
140,LaviskaShenault,JAX,22,WR,14,12,18,91,6.0,50,2.8,41,2.3,1,18.0
141,JacobyBrissett,IND,28,,11,0,17,19,9.0,8,0.5,11,0.6,0,
142,KyleJuszczyk,SFO,29,FB,16,15,17,64,12.0,35,2.1,29,1.7,0,
143,NickFoles,CHI,31,qb,9,7,16,1,2.0,-2,-0.1,3,0.2,0,
144,BuddyHowell,HOU,24,,14,0,16,64,2.0,44,2.8,20,1.3,0,
145,TroymainePope,LAC,27,,6,0,15,76,3.0,49,3.3,27,1.8,0,
146,TarikCohen,CHI,25,,3,0,14,74,3.0,52,3.7,22,1.6,1,14.0
147,DarryntonEvans,TEN,22,,5,0,14,54,2.0,29,2.1,25,1.8,0,
148,BrandonAllen,CIN,28,qb,5,5,13,27,5.0,19,1.5,8,0.6,1,13.0
149,TimBoyle,GNB,26,,8,0,13,-9,,-9,-0.7,0,0.0,0,
150,TylerErvin,GNB,27,,8,0,13,67,4.0,48,3.7,19,1.5,1,13.0
151,TyreekHill,KAN,26,WR,15,15,13,123,5.0,103,7.9,20,1.5,1,13.0
152,PatrickLaird,MIA,25,,16,0,13,72,4.0,50,3.8,22,1.7,1,13.0
153,ReggieBonnafon,CAR,24,,2,0,12,69,4.0,49,4.1,20,1.7,0,
154,RobertGriffin,BAL,30,,4,1,12,69,4.0,34,2.8,35,2.9,0,
155,JusticeHill,BAL,23,,12,0,12,60,2.0,35,2.9,25,2.1,1,12.0
156,AntonioWilliams,BUF,23,,1,0,12,63,4.0,34,2.8,29,2.4,1,12.0
157,MikeBoone,MIN,25,,16,0,11,59,2.0,23,2.1,36,3.3,4,2.8
158,RyanFinley,CIN,26,qb,5,1,11,66,4.0,53,4.8,13,1.2,0,
159,RashaadPenny,SEA,24,,3,0,11,34,1.0,20,1.8,14,1.3,0,
160,TrentonCannon,CAR,26,,14,0,10,33,2.0,9,0.9,24,2.4,1,10.0
161,ChaseClaypool,PIT,22,wr,16,6,10,16,4.0,12,1.2,4,0.4,1,10.0
162,JimmyGaroppolo,SFO,29,qb,6,6,10,25,3.0,19,1.9,6,0.6,1,10.0
163,TylerHuntley,BAL,22,,2,0,10,23,1.0,22,2.2,1,0.1,0,
164,CeeDeeLamb,DAL,21,WR,16,14,10,82,4.0,52,5.2,30,3.0,0,
165,LeSeanMcCoy,TAM,32,,10,0,10,31,2.0,23,2.3,8,0.8,0,
166,IsaiahMcKenzie,BUF,25,wr,16,7,10,9,2.0,1,0.1,8,0.8,1,10.0
167,CJProsise,HOU,26,,10,0,10,19,0.0,13,1.3,6,0.6,0,
168,AlexSmith,WAS,36,qb,8,6,10,3,0.0,3,0.3,0,0.0,0,
169,TJYeldon,BUF,27,,3,0,10,70,5.0,36,3.6,34,3.4,0,
170,LynnBowden,MIA,23,rb,10,4,9,32,3.0,14,1.6,18,2.0,4,2.3
171,BlaineGabbert,TAM,31,,4,0,9,16,0.0,16,1.8,0,0.0,0,
172,KJHamler,DEN,21,wr,13,4,9,40,2.0,38,4.2,2,0.2,0,
173,DontrellHilliard,2TM,25,,7,0,9,48,3.0,19,2.1,29,3.2,1,9.0
174,MarcusMariota,LVR,27,,1,0,9,88,8.0,60,6.7,28,3.1,1,9.0
175,ColtMcCoy,NYG,34,qb,4,2,9,12,0.0,11,1.2,1,0.1,0,
176,NickMullens,SFO,25,qb,10,8,9,8,1.0,7,0.8,1,0.1,0,
177,HenryRuggs,LVR,21,WR,13,12,9,49,3.0,36,4.0,13,1.4,0,
178,JaylenSamuels,PIT,24,rb,14,1,9,28,1.0,14,1.6,14,1.6,0,
179,AmeerAbdullah,MIN,27,,16,0,8,42,4.0,25,3.1,17,2.1,0,
180,DavidMoore,SEA,25,wr,16,6,8,61,4.0,40,5.0,21,2.6,1,8.0
181,DeeboSamuel,SFO,24,wr,7,5,8,26,1.0,9,1.1,17,2.1,0,
182,DwayneWashington,NOR,26,,11,0,8,15,,10,1.3,5,0.6,0,
183,JameisWinston,NOR,26,,4,0,8,-6,0.0,-7,-0.9,1,0.1,0,
184,KyleAllen,WAS,24,qb,4,4,7,26,3.0,13,1.9,13,1.9,2,3.5
185,MichaelBurton,NOR,28,fb,15,4,7,18,6.0,10,1.4,8,1.1,0,
186,RicoDowdle,DAL,22,,15,0,7,24,1.0,13,1.9,11,1.6,0,
187,ChadHenne,KAN,35,qb,3,1,7,-2,1.0,-2,-0.3,0,0.0,0,
188,MasonRudolph,PIT,25,qb,5,1,7,-6,0.0,-6,-0.9,0,0.0,0,
189,JarrettStidham,NWE,24,,5,0,7,7,3.0,7,1.0,0,0.0,0,
190,ChrisThompson,JAX,30,,8,0,7,20,1.0,10,1.4,10,1.4,0,
191,LoganWoodside,TEN,25,,6,0,7,10,1.0,8,1.1,2,0.3,0,
192,JamalAgnew,DET,25,wr,14,2,6,33,3.0,31,5.2,2,0.3,0,
193,BrandonAiyuk,SFO,22,WR,12,11,6,77,3.0,36,6.0,41,6.8,1,6.0
194,AlexArmah,CAR,26,,16,1,6,9,5.0,3,0.5,6,1.0,0,
195,MattBarkley,BUF,30,,5,0,6,-6,0.0,-6,-1.0,0,0.0,0,
196,CJBeathard,SFO,27,qb,6,2,6,28,1.0,19,3.2,9,1.5,1,6.0
197,AmariCooper,DAL,26,WR,16,15,6,14,1.0,9,1.5,5,0.8,0,
198,BenDiNucci,DAL,24,qb,3,1,6,22,2.0,22,3.7,0,0.0,0,
199,JeffDriskel,DEN,27,qb,3,1,6,28,3.0,18,3.0,10,1.7,0,
200,EvanEngram,NYG,26,TE,16,14,6,26,1.0,22,3.7,4,0.7,0,
201,JoeFlacco,NYJ,35,qb,5,4,6,22,3.0,21,3.5,1,0.2,0,
202,MikeGlennon,JAX,31,qb,5,5,6,17,2.0,14,2.3,3,0.5,0,
203,DeMichaelHarris,IND,22,,7,0,6,46,3.0,30,5.0,16,2.7,2,3.0
204,DeonteHarris,NOR,23,wr,9,2,6,51,2.0,36,6.0,15,2.5,1,6.0
205,ElijhaaPenny,NYG,27,,14,0,6,15,4.0,4,0.7,11,1.8,0,
206,ArtavisPierce,CHI,24,,5,0,6,34,2.0,14,2.3,20,3.3,1,6.0
207,TheoRiddick,LVR,29,,4,0,6,14,1.0,4,0.7,10,1.7,0,
208,BoScarbrough,SEA,26,,1,0,6,31,1.0,17,2.8,14,2.3,1,6.0
209,SterlingShepard,NYG,27,WR,12,12,6,49,2.0,39,6.5,10,1.7,0,
210,TyrodTaylor,LAC,31,qb,2,1,6,7,1.0,6,1.0,1,0.2,0,
211,JohnWolford,LAR,25,qb,1,1,6,56,4.0,38,6.3,18,3.0,0,
212,TylerBoyd,CIN,26,wr,15,8,5,49,2.0,48,9.6,1,0.2,0,
213,AlexErickson,CIN,28,wr,16,2,5,7,0.0,-1,-0.2,8,1.6,0,
214,CJHam,MIN,27,FB,15,11,5,18,2.0,13,2.6,5,1.0,0,
215,TeeHiggins,CIN,21,WR,16,14,5,28,1.0,22,4.4,6,1.2,0,
216,JasonHuntley,PHI,22,,5,0,5,19,1.0,8,1.6,11,2.2,2,2.5
217,TraceMcSorley,BAL,25,,2,0,5,17,2.0,10,2.0,7,1.4,0,
218,GunnerOlszewski,NWE,24,wr,13,2,5,23,1.0,18,3.6,5,1.0,0,
219,JoeReed,LAC,22,,11,0,5,29,1.0,12,2.4,17,3.4,2,2.5
220,CalvinRidley,ATL,26,WR,15,15,5,1,1.0,0,0.0,1,0.2,0,
221,BrettRypien,DEN,24,qb,3,1,5,-5,0.0,-5,-1.0,0,0.0,0,
222,PhillipWalker,CAR,25,qb,4,1,5,-2,0.0,-2,-0.4,0,0.0,0,
223,RobbyAnderson,CAR,27,WR,16,16,4,15,1.0,13,3.3,2,0.5,0,
224,CameronBatson,TEN,25,wr,12,1,4,20,2.0,18,4.5,2,0.5,0,
225,LeVanteBellamy,DEN,24,,5,0,4,11,,8,2.0,3,0.8,0,
226,DevinDuvernay,BAL,23,wr,16,3,4,70,3.0,47,11.8,23,5.8,0,
227,MecoleHardman,KAN,22,wr,16,8,4,31,2.0,12,3.0,19,4.8,0,
228,CooperKupp,LAR,27,WR,15,12,4,33,3.0,27,6.8,6,1.5,0,
229,JarvisLandry,CLE,28,WR,15,14,4,10,2.0,6,1.5,4,1.0,0,
230,MarlonMack,IND,24,rb,1,1,4,26,2.0,14,3.5,12,3.0,0,
231,Ray-RayMcCloud,PIT,24,wr,16,2,4,65,1.0,39,9.8,26,6.5,0,
232,DarnellMooney,CHI,23,wr,16,9,4,20,1.0,20,5.0,0,0.0,0,
233,JalenReagor,PHI,21,WR,11,11,4,26,2.0,24,6.0,2,0.5,0,
234,KeithSmith,ATL,28,fb,16,7,4,7,4.0,4,1.0,3,0.8,0,
235,TommyStevens,CAR,24,,1,0,4,24,2.0,20,5.0,4,1.0,0,
236,ChrisStreveler,ARI,25,,5,0,4,15,2.0,8,2.0,7,1.8,0,
237,MarquezValdes-Scantling,GNB,26,WR,16,12,4,13,1.0,9,2.3,4,1.0,0,
238,OdellBeckham,CLE,28,wr,7,7,3,72,2.0,18,6.0,54,18.0,0,
239,BraxtonBerrios,NYJ,25,wr,16,2,3,29,1.0,22,7.3,7,2.3,0,
240,TonyBrooks-James,ATL,26,,1,0,3,4,,0,0.0,4,1.3,0,
241,GarrettGilbert,DAL,29,qb,1,1,3,28,2.0,13,4.3,15,5.0,1,3.0
242,JakeemGrant,MIA,28,wr,14,4,3,20,1.0,12,4.0,8,2.7,0,
243,TaylorHeinicke,WAS,27,,1,0,3,22,2.0,22,7.3,0,0.0,0,
244,AlecIngold,LVR,24,fb,16,4,3,4,2.0,0,0.0,4,1.3,0,
245,DiontaeJohnson,PIT,24,WR,15,13,3,15,0.0,11,3.7,4,1.3,0,
246,TyronJohnson,LAC,24,,12,0,3,17,0.0,10,3.3,7,2.3,0,
247,TonyJones,NOR,23,rb,1,1,3,13,1.0,6,2.0,7,2.3,0,
248,JohnLovett,GNB,24,,8,0,3,6,,3,1.0,3,1.0,0,
249,ScottMiller,TAM,23,wr,16,5,3,14,0.0,11,3.7,3,1.0,0,
250,RyanNall,CHI,25,,16,0,3,0,0.0,0,0.0,0,0.0,0,
251,MalcolmPerry,MIA,23,rb,9,2,3,5,1.0,-1,-0.3,6,2.0,0,
252,MichaelPittman,IND,23,wr,13,8,3,26,1.0,18,6.0,8,2.7,0,
253,MattSchaub,ATL,39,,1,0,3,-4,,-4,-1.3,0,0.0,0,
254,AnthonySherman,KAN,32,rb,13,1,3,8,2.0,4,1.3,4,1.3,0,
255,DiontaeSpencer,DEN,28,,11,0,3,19,1.0,14,4.7,5,1.7,0,
256,AdamThielen,MIN,30,WR,15,15,3,15,0.0,7,2.3,8,2.7,1,3.0
257,LoganThomas,WAS,29,TE,16,15,3,5,2.0,0,0.0,5,1.7,0,
258,CedrickWilson,DAL,25,,16,0,3,-12,0.0,-12,-4.0,0,0.0,0,
259,IsaiahWright,WAS,23,wr,14,6,3,16,0.0,12,4.0,4,1.3,0,
260,AntonioBrown,TAM,32,wr,8,4,2,-2,0.0,-2,-1.0,0,0.0,0,
261,TreyBurton,IND,29,te,13,4,2,3,2.0,1,0.5,2,1.0,0,
262,DamiereByrd,NWE,27,WR,16,14,2,15,1.0,14,7.0,1,0.5,0,
263,ParrisCampbell,IND,23,wr,2,2,2,16,2.0,14,7.0,2,1.0,0,
264,JeremyChinn,CAR,22,RLB,15,15,2,29,1.0,29,14.5,0,0.0,0,
265,ChaseDaniel,DET,34,,4,0,2,16,1.0,16,8.0,0,0.0,0,
266,JoshuaDobbs,PIT,25,,1,0,2,20,1.0,20,10.0,0,0.0,0,
267,AshtonDulin,IND,23,,13,0,2,11,0.0,8,4.0,3,1.5,0,
268,JulianEdelman,NWE,34,wr,6,1,2,22,1.0,22,11.0,0,0.0,0,
269,ClaytonFejedelem,MIA,27,,13,0,2,23,2.0,23,11.5,0,0.0,0,
270,DJFoster,ARI,27,,10,0,2,2,0.0,0,0.0,2,1.0,0,
271,RussellGage,ATL,24,wr,16,8,2,9,1.0,6,3.0,3,1.5,0,
272,JalenGuyton,LAC,23,wr,16,9,2,0,0.0,-1,-0.5,1,0.5,0,
273,NKealHarry,NWE,23,wr,14,9,2,0,0.0,-1,-0.5,1,0.5,0,
274,MylesHartsfield,CAR,23,,16,0,2,2,,0,0.0,2,1.0,0,
275,KendallHinton,DEN,23,,1,0,2,7,0.0,4,2.0,3,1.5,0,
276,AndyJanovich,CLE,27,fb,14,3,2,4,1.0,3,1.5,1,0.5,0,
277,ChristianKirk,ARI,24,wr,14,10,2,3,1.0,2,1.0,1,0.5,0,
278,GeorgeKittle,SFO,27,te,8,8,2,17,1.0,4,2.0,13,6.5,0,
279,AllenLazard,GNB,25,wr,10,9,2,17,1.0,13,6.5,4,2.0,0,
280,TommyleeLewis,NOR,28,,5,0,2,14,1.0,8,4.0,6,3.0,1,2.0
281,TerryMcLaurin,WAS,25,WR,15,15,2,30,2.0,12,6.0,18,9.0,0,
282,JakobiMeyers,NWE,24,wr,14,9,2,9,0.0,2,1.0,7,3.5,1,2.0
283,AnthonyMiller,CHI,26,wr,16,6,2,12,1.0,12,6.0,0,0.0,0,
284,DJMoore,CAR,23,WR,15,14,2,22,1.0,14,7.0,8,4.0,0,
285,GabeNabers,LAC,23,fb,16,5,2,7,1.0,2,1.0,5,2.5,0,
286,SenorisePerry,TEN,29,,7,0,2,9,1.0,2,1.0,7,3.5,0,
287,ScottiePhillips,HOU,23,,8,0,2,9,,5,2.5,4,2.0,0,
288,BrandonPowell,ATL,25,,15,1,2,7,0.0,6,3.0,1,0.5,0,
289,DariusSlayton,NYG,23,WR,16,15,2,-1,0.0,-3,-1.5,2,1.0,0,
290,GenoSmith,SEA,30,,1,0,2,-2,0.0,-2,-1.0,0,0.0,0,
291,JonnuSmith,TEN,25,TE,15,14,2,4,1.0,4,2.0,0,0.0,0,
292,NateSudfeld,PHI,27,,1,0,2,12,1.0,12,6.0,0,0.0,0,
293,GregWard,PHI,25,wr,16,10,2,-4,0.0,-4,-2.0,0,0.0,0,
294,DexterWilliams,GNB,23,,3,0,2,8,,7,3.5,1,0.5,0,
295,ShawnWilliams,CIN,29,,13,0,2,46,2.0,46,23.0,0,0.0,0,
296,IsaiahZuber,NWE,23,,4,0,2,21,2.0,19,9.5,2,1.0,0,
297,JordanAkins,HOU,28,te,13,5,1,4,1.0,0,0.0,4,4.0,1,1.0
298,KeenanAllen,LAC,28,WR,14,13,1,-1,0.0,-1,-1.0,0,0.0,0,
299,DannyAmendola,DET,35,wr,14,5,1,2,1.0,2,2.0,0,0.0,0,
300,BlakeBell,DAL,29,te,16,2,1,2,1.0,1,1.0,1,1.0,0,
301,NickBellore,SEA,31,,16,0,1,5,0.0,1,1.0,4,4.0,0,
302,DavidBlough,DET,25,,1,0,1,18,1.0,18,18.0,0,0.0,0,
303,CJBoard,NYG,27,wr,14,4,1,3,0.0,3,3.0,0,0.0,0,
304,MarquiseBrown,BAL,23,WR,16,14,1,1,0.0,1,1.0,0,0.0,0,
305,NoahBrown,DAL,24,wr,16,1,1,4,0.0,1,1.0,3,3.0,0,
306,JasonCabinda,DET,24,mlb,16,2,1,0,0.0,0,0.0,0,0.0,0,
307,AJCole,LVR,25,p,16,0,1,0,,0,0.0,0,0.0,0,
308,KeelanCole,JAX,27,wr,16,5,1,2,0.0,0,0.0,2,2.0,0,
309,JamisonCrowder,NYJ,27,wr,12,7,1,14,1.0,10,10.0,4,4.0,0,
310,GabrielDavis,BUF,21,WR,16,11,1,0,0.0,0,0.0,0,0.0,0,
311,StefonDiggs,BUF,27,WR,16,15,1,1,0.0,0,0.0,1,1.0,0,
312,GeraldEverett,LAR,26,te,16,7,1,2,1.0,2,2.0,0,0.0,0,
313,WillFuller,HOU,26,WR,11,11,1,0,0.0,0,0.0,0,0.0,0,
314,AntonioGandy-Golden,WAS,22,wr,6,2,1,22,1.0,21,21.0,1,1.0,0,
315,JamieGillan,CLE,23,p,16,0,1,-2,,-2,-2.0,0,0.0,0,
316,TerryGodwin,JAX,24,,3,0,1,3,0.0,1,1.0,2,2.0,0,
317,MarvinHall,2TM,27,,12,6,1,1,0.0,0,0.0,1,1.0,1,1.0
318,PennyHart,SEA,24,,13,0,1,19,1.0,19,19.0,0,0.0,0,
319,JeffHeath,LVR,29,fs,13,5,1,1,1.0,1,1.0,0,0.0,0,
320,TylerHigbee,LAR,27,TE,15,15,1,1,0.0,1,1.0,0,0.0,0,
321,JohnHightower,PHI,24,wr,13,4,1,1,0.0,0,0.0,1,1.0,0,
322,TJHockenson,DET,23,TE,16,16,1,0,0.0,0,0.0,0,0.0,0,
323,AmaniHooker,TEN,22,fs,16,3,1,4,1.0,4,4.0,0,0.0,0,
324,DeAndreHopkins,ARI,28,WR,16,16,1,1,0.0,0,0.0,1,1.0,0,
325,BrianHoyer,NWE,35,qb,1,1,1,8,1.0,2,2.0,6,6.0,1,1.0
326,AndyIsabella,ARI,24,wr,13,2,1,-6,0.0,-6,-6.0,0,0.0,0,
327,DeSeanJackson,PHI,34,wr,5,5,1,12,1.0,8,8.0,4,4.0,0,
328,JustinJefferson,MIN,21,WR,16,14,1,2,0.0,1,1.0,1,1.0,0,
329,VanJefferson,LAR,24,,16,0,1,-1,0.0,-1,-1.0,0,0.0,0,
330,ChrisJones,DAL,31,,8,0,1,0,,0,0.0,0,0.0,0,
331,AdrianKillins,PHI,22,,1,0,1,-12,,-12,-12.0,0,0.0,0,
332,ColeKmet,CHI,21,te,16,9,1,-3,0.0,-3,-3.0,0,0.0,0,
333,TyLong,LAC,27,p,16,0,1,-28,,-28,-28.0,0,0.0,0,
334,JakeLuton,JAX,24,qb,3,3,1,13,1.0,0,0.0,13,13.0,0,
335,JoshMalone,NYJ,24,,4,0,1,12,1.0,9,9.0,3,3.0,0,
336,SamMartin,DEN,30,p,16,0,1,0,,0,0.0,0,0.0,0,
337,BarkeviousMingo,CHI,30,olb,16,3,1,11,1.0,11,11.0,0,0.0,0,
338,DonteMoncrief,NWE,27,,6,0,1,4,1.0,0,0.0,4,4.0,1,1.0
339,CJMoore,DET,25,,12,0,1,3,,3,3.0,0,0.0,0,
340,JojoNatson,CLE,26,,3,0,1,3,,3,3.0,0,0.0,0,
341,SharrodNeasman,ATL,29,cb,16,2,1,2,,2,2.0,0,0.0,0,
342,QadreeOllison,ATL,24,,3,0,1,3,1.0,0,0.0,3,3.0,0,
343,DevineOzigbo,JAX,24,,8,0,1,1,0.0,1,1.0,0,0.0,0,
344,BreshadPerriman,NYJ,27,WR,12,12,1,6,0.0,6,6.0,0,0.0,0,
345,NathanPeterman,LVR,26,,1,0,1,9,1.0,8,8.0,1,1.0,0,
346,KalifRaymond,TEN,26,,15,3,1,-3,0.0,-3,-3.0,0,0.0,0,
347,CraigReynolds,JAX,24,,2,0,1,4,,4,4.0,0,0.0,0,
348,JoshReynolds,LAR,25,WR,16,13,1,5,0.0,4,4.0,1,1.0,0,
349,PatrickRicard,BAL,26,fb,15,10,1,-1,0.0,-1,-1.0,0,0.0,0,
350,AndreRoberts,BUF,32,,15,0,1,-3,0.0,-3,-3.0,0,0.0,0,
351,AllenRobinson,CHI,27,WR,16,16,1,-1,0.0,-1,-1.0,0,0.0,0,
352,EmmanuelSanders,NOR,33,wr,14,5,1,12,1.0,9,9.0,3,3.0,0,
353,MohamedSanu,2TM,31,,10,4,1,3,1.0,0,0.0,3,3.0,0,
354,CamSims,WAS,24,wr,16,10,1,5,0.0,1,1.0,4,4.0,0,
355,StevenSims,WAS,23,wr,12,2,1,18,1.0,1,1.0,17,17.0,0,
356,MattSkura,BAL,27,C,15,12,1,0,,0,0.0,0,0.0,0,
357,TreQuanSmith,NOR,24,wr,14,10,1,3,0.0,1,1.0,2,2.0,0,
358,EquanimeousStBrown,GNB,24,wr,12,1,1,7,1.0,4,4.0,3,3.0,0,
359,EastonStick,LAC,25,,1,0,1,-2,,-2,-2.0,0,0.0,0,
360,MalikTaylor,GNB,25,wr,15,1,1,9,0.0,0,0.0,9,9.0,0,
361,MichaelThomas,NOR,27,wr,7,5,1,1,0.0,0,0.0,1,1.0,0,
362,MikeThomas,CIN,26,,14,0,1,1,0.0,0,0.0,1,1.0,0,
363,DarianThompson,DAL,27,ss,15,7,1,3,,3,3.0,0,0.0,0,
364,AustinWalter,SFO,24,,4,0,1,3,0.0,1,1.0,2,2.0,0,
365,SammyWatkins,KAN,27,wr,10,9,1,3,0.0,1,1.0,2,2.0,0,
366,TrevonWesco,NYJ,25,te,12,4,1,0,,0,0.0,0,0.0,0,
367,JonathanWilliams,DET,26,,5,0,1,5,0.0,5,5.0,0,0.0,0,
368,MikeWilliams,LAC,26,WR,15,11,1,1,0.0,1,1.0,0,0.0,0,
369,JavonWims,CHI,26,wr,13,1,1,2,0.0,1,1.0,1,1.0,0,
370,OlamideZaccheaus,ATL,23,wr,11,2,1,0,0.0,0,0.0,0,0.0,0,
371,BrandonZylstra,CAR,27,wr,16,2,1,1,0.0,1,1.0,0,0.0,0,
