,Player,Tm,Age,Pos,G,GS,Att,Yds,TD,1D,Lng,Y/A,Y/G,Fmb
0,DerrickHenry,TEN,26,RB,16,16,378,2027,17,98,94,5.4,126.7,3
1,DalvinCook,MIN,25,RB,14,14,312,1557,16,91,70,5.0,111.2,5
2,JoshJacobs,LVR,22,RB,15,15,273,1065,12,61,28,3.9,71.0,2
3,DavidMontgomery,CHI,23,RB,15,14,247,1070,8,59,80,4.3,71.3,1
4,EzekielElliott,DAL,25,RB,15,15,244,979,6,62,31,4.0,65.3,6
5,JamesRobinson,JAX,22,RB,14,14,240,1070,7,54,47,4.5,76.4,3
6,KenyanDrake,ARI,26,RB,15,13,239,955,10,59,69,4.0,63.7,3
7,JonathanTaylor,IND,21,RB,15,13,232,1169,11,69,62,5.0,77.9,1
8,MelvinGordon,DEN,27,rb,15,10,215,986,9,46,65,4.6,65.7,4
9,AaronJones,GNB,26,RB,14,14,201,1104,9,52,77,5.5,78.9,2
10,KareemHunt,CLE,25,rb,16,5,198,841,6,44,33,4.2,52.6,2
11,ToddGurley,ATL,26,RB,15,15,195,678,9,45,35,3.5,45.2,2
12,RonaldJones,TAM,23,RB,14,13,192,978,7,48,98,5.1,69.9,2
13,NickChubb,CLE,25,RB,12,12,190,1067,12,56,59,5.6,88.9,1
14,FrankGore,NYJ,37,RB,15,14,187,653,2,32,17,3.5,43.5,1
15,AlvinKamara,NOR,25,rb,15,10,187,932,16,58,49,5.0,62.1,1
16,ClydeEdwards-Helaire,KAN,21,RB,13,13,181,803,4,39,31,4.4,61.8,0
17,AntonioGibson,WAS,22,rb,14,10,170,795,11,40,40,4.7,56.8,2
18,JamesConner,PIT,25,RB,13,11,169,721,6,42,59,4.3,55.5,2
19,MikeDavis,CAR,27,RB,15,12,165,642,6,38,25,3.9,42.8,1
20,MilesSanders,PHI,23,RB,12,11,164,867,6,39,82,5.3,72.3,4
21,LamarJackson,BAL,23,QB,15,15,159,1005,7,56,50,6.3,67.0,10
22,AdrianPeterson,DET,35,rb,16,10,156,604,7,34,38,3.9,37.8,0
23,DevinSingletary,BUF,23,RB,16,16,156,687,2,40,51,4.4,42.9,1
24,WayneGallman,NYG,26,rb,15,10,147,682,6,35,60,4.6,45.5,1
25,DavidJohnson,HOU,29,RB,12,12,147,691,6,38,48,4.7,57.6,2
26,LataviusMurray,NOR,30,ss,15,7,146,656,4,36,36,4.5,43.7,1
27,CamAkers,LAR,21,rb,13,5,145,625,2,26,61,4.3,48.1,1
28,GusEdwards,BAL,25,rb,16,6,144,723,6,45,36,5.0,45.2,1
29,MylesGaskin,MIA,23,rb,10,7,142,584,3,27,26,4.1,58.4,2
30,ChrisCarson,SEA,26,RB,12,12,141,681,5,43,29,4.8,56.8,1
31,DarrellHenderson,LAR,23,RB,15,11,138,624,5,40,40,4.5,41.6,0
32,DamienHarris,NWE,23,rb,10,10,137,691,2,30,41,5.0,69.1,1
33,CamNewton,NWE,31,QB,15,15,137,592,12,55,49,4.3,39.5,6
34,JKDobbins,BAL,22,rb,15,1,134,805,9,38,72,6.0,53.7,2
35,KylerMurray,ARI,23,QB,16,16,133,819,11,52,48,6.2,51.2,9
36,JeffWilson,SFO,25,rb,12,3,126,600,7,31,34,4.8,50.0,2
37,GiovaniBernard,CIN,29,rb,16,10,124,416,3,23,15,3.4,26.0,1
38,JoeMixon,CIN,24,rb,6,6,119,428,3,20,34,3.6,71.3,1
39,JamaalWilliams,GNB,25,rb,14,3,119,505,2,29,25,4.2,36.1,0
40,PhillipLindsay,DEN,26,rb,11,8,118,502,1,19,55,4.3,45.6,0
41,AustinEkeler,LAC,25,rb,10,10,116,530,1,26,27,4.6,53.0,1
42,DAndreSwift,DET,21,rb,13,4,114,521,8,31,54,4.6,40.1,3
43,ZackMoss,BUF,23,,13,0,112,481,4,30,31,4.3,37.0,0
44,JoshuaKelley,LAC,23,,14,0,111,354,2,20,33,3.2,25.3,2
45,BennySnell,PIT,22,rb,16,3,111,368,4,25,30,3.3,23.0,2
46,RaheemMostert,SFO,28,rb,8,8,104,521,2,22,80,5.0,65.1,1
47,JoshAllen,BUF,24,QB,16,16,102,421,8,38,24,4.1,26.3,9
48,MalcolmBrown,LAR,27,,16,0,101,419,5,25,19,4.1,26.2,1
49,TonyPollard,DAL,23,rb,16,2,101,435,4,23,42,4.3,27.2,0
50,BrianHill,ATL,25,rb,16,1,100,465,1,18,62,4.7,29.1,2
51,ChaseEdmonds,ARI,24,rb,16,2,97,448,1,22,32,4.6,28.0,2
52,LeonardFournette,TAM,25,rb,13,3,97,367,6,21,46,3.8,28.2,0
53,AlexanderMattison,MIN,22,rb,13,2,96,434,2,24,25,4.5,33.4,0
54,PeytonBarber,WAS,26,rb,16,2,94,258,4,26,15,2.7,16.1,0
55,DevontaeBooker,LVR,28,rb,16,1,93,423,3,21,43,4.5,26.4,1
56,KalenBallage,2TM,25,,11,2,91,303,3,25,17,3.3,27.5,1
57,DeshaunWatson,HOU,25,QB,16,16,90,444,3,31,16,4.9,27.8,8
58,NyheimHines,IND,24,rb,16,2,89,380,3,24,31,4.3,23.8,0
59,TaysomHill,NOR,30,wr,16,8,87,457,8,34,43,5.3,28.6,10
60,JDMcKissic,WAS,27,rb,16,7,85,365,1,25,17,4.3,22.8,3
61,JordanWilkins,IND,26,,15,0,84,308,1,17,22,3.7,20.5,0
62,RussellWilson,SEA,32,QB,16,16,83,513,2,25,38,6.2,32.1,7
63,LeVeonBell,2TM,28,,11,4,82,328,2,21,16,4.0,29.8,1
64,CarlosHyde,SEA,30,,10,1,81,356,4,20,50,4.4,35.6,1
65,JerickMcKinnon,SFO,28,rb,16,4,81,319,5,16,55,3.9,19.9,0
66,BostonScott,PHI,25,rb,16,4,80,374,1,16,56,4.7,23.4,2
67,SonyMichel,NWE,25,rb,9,6,79,449,1,19,48,5.7,49.9,0
68,DukeJohnson,HOU,27,rb,11,5,77,235,1,11,23,3.1,21.4,3
69,SalvonAhmed,MIA,22,rb,6,4,75,319,3,18,31,4.3,53.2,0
70,MarkIngram,BAL,31,rb,11,9,72,299,2,14,30,4.2,27.2,0
71,RexBurkhead,NWE,30,,10,0,67,274,3,18,18,4.1,27.4,0
72,DanielJones,NYG,23,QB,14,14,65,423,1,15,80,6.5,30.2,11
73,CordarrellePatterson,CHI,29,wr,16,3,64,232,1,12,13,3.6,14.5,0
74,LaMicalPerine,NYJ,22,,10,0,64,232,2,18,20,3.6,23.2,0
75,JalenHurts,PHI,22,qb,15,4,63,354,3,25,24,5.6,23.6,9
76,SamajePerine,CIN,25,rb,16,1,63,301,3,16,46,4.8,18.8,0
77,ItoSmith,ATL,25,,14,0,63,268,1,8,24,4.3,19.1,1
78,PatrickMahomes,KAN,25,QB,15,15,62,308,2,22,24,5.0,20.5,5
79,MattBreida,MIA,25,rb,12,1,59,254,0,11,24,4.3,21.2,2
80,JustinJackson,LAC,24,rb,9,4,59,270,0,15,36,4.6,30.0,0
81,ChristianMcCaffrey,CAR,24,rb,3,3,59,225,5,14,15,3.8,75.0,0
82,JustinHerbert,LAC,22,QB,15,15,55,234,5,20,31,4.3,15.6,8
83,AlfredMorris,NYG,32,,9,0,55,238,1,13,20,4.3,26.4,0
84,DevontaFreeman,NYG,28,,5,4,54,172,1,7,14,3.2,34.4,0
85,TyJohnson,2TM,23,,13,1,54,254,1,11,34,4.7,19.5,0
86,BakerMayfield,CLE,25,QB,16,16,54,165,1,18,28,3.1,10.3,8
87,TeddyBridgewater,CAR,28,QB,15,15,53,279,5,18,18,5.3,18.6,6
88,KerryonJohnson,DET,23,rb,16,2,52,181,2,9,14,3.5,11.3,1
89,CarsonWentz,PHI,28,QB,12,12,52,276,5,25,40,5.3,23.0,10
90,JaredGoff,LAR,26,QB,15,15,51,99,4,12,10,1.9,6.6,7
91,JeremyMcNichols,TEN,25,,16,0,47,204,1,8,20,4.3,12.8,0
92,AJDillon,GNB,22,,11,0,46,242,2,11,30,5.3,22.0,0
93,DrewLock,DEN,24,QB,13,13,44,160,3,13,16,3.6,12.3,8
94,RyanTannehill,TEN,32,QB,16,16,43,266,7,22,45,6.2,16.6,6
95,CurtisSamuel,CAR,24,wr,15,5,41,200,2,10,45,4.9,13.3,1
96,RodneySmith,CAR,24,rb,7,1,41,156,1,14,13,3.8,22.3,1
97,DerekCarr,LVR,29,QB,16,16,39,140,3,16,18,3.6,8.8,11
98,JamycalHasty,SFO,24,,8,0,39,148,1,7,20,3.8,18.5,1
99,DarrelWilliams,KAN,25,,16,0,39,169,1,14,13,4.3,10.6,0
100,AaronRodgers,GNB,37,QB,16,16,38,149,3,15,14,3.9,9.3,4
101,JoeBurrow,CIN,24,qb,10,10,37,142,3,14,23,3.8,14.2,9
102,SamDarnold,NYJ,23,QB,12,12,37,217,2,13,46,5.9,18.1,4
103,TuaTagovailoa,MIA,22,qb,10,9,36,109,3,13,17,3.0,10.9,1
104,RoyceFreeman,DEN,24,,16,0,35,170,0,10,23,4.9,10.6,0
105,JordanHoward,2TM,26,,7,4,35,60,4,7,11,1.7,8.6,1
106,JamesWhite,NWE,28,,14,0,35,121,2,6,10,3.5,8.6,1
107,DeeJayDallas,SEA,22,rb,12,2,34,108,2,9,13,3.2,9.0,0
108,DErnestJohnson,CLE,24,,16,0,33,166,0,7,28,5.0,10.4,1
109,AnthonyMcFarland,PIT,21,,11,0,33,113,0,4,20,3.4,10.3,0
110,MitchellTrubisky,CHI,26,qb,10,9,33,195,1,12,45,5.9,19.5,6
111,KirkCousins,MIN,32,QB,16,16,32,156,1,16,16,4.9,9.8,9
112,DareOgunbowale,JAX,26,rb,14,2,32,145,0,6,25,4.5,10.4,0
113,DeAndreWashington,2TM,27,,4,1,31,91,0,2,16,2.9,22.8,0
114,TomBrady,TAM,43,QB,16,16,30,6,3,6,4,0.2,0.4,4
115,RyanFitzpatrick,MIA,38,qb,9,7,30,151,2,12,17,5.0,16.8,2
116,JoshAdams,NYJ,24,,8,0,29,157,2,10,25,5.4,19.6,0
117,DionLewis,NYG,30,,16,0,29,115,2,7,19,4.0,7.2,3
118,GardnerMinshew,JAX,24,qb,9,8,29,153,1,10,16,5.3,17.0,5
119,MattRyan,ATL,35,QB,16,16,29,92,2,8,16,3.2,5.8,6
120,MatthewStafford,DET,32,QB,16,16,29,112,0,12,17,3.9,7.0,2
121,TevinColeman,SFO,27,rb,8,1,28,53,0,3,12,1.9,6.6,0
122,AndyDalton,DAL,33,qb,11,9,28,114,0,11,13,4.1,10.4,2
123,DarwinThompson,KAN,23,rb,14,1,27,97,1,7,14,3.6,6.9,2
124,KeShawnVaughn,TAM,23,,10,0,26,109,0,5,19,4.2,10.9,1
125,TrayveonWilliams,CIN,23,,10,0,26,157,0,5,55,6.0,15.7,1
126,TravisHomer,SEA,22,,9,0,25,88,0,2,12,3.5,9.8,0
127,BenRoethlisberger,PIT,38,QB,15,15,25,11,0,3,11,0.4,0.7,5
128,RobertWoods,LAR,28,WR,16,16,24,155,2,9,40,6.5,9.7,2
129,JJTaylor,NWE,22,,6,0,23,110,0,5,28,4.8,18.3,0
130,DOntaForeman,TEN,24,,6,0,22,95,0,6,15,4.3,15.8,0
131,JalenRichard,LVR,27,,13,0,22,123,1,7,20,5.6,9.5,1
132,CoreyClement,PHI,26,,15,0,21,75,1,3,7,3.6,5.0,0
133,DwayneHaskins,WAS,23,qb,7,6,20,46,1,6,19,2.3,6.6,6
134,SaquonBarkley,NYG,23,rb,2,2,19,34,0,1,18,1.8,17.0,0
135,TyMontgomery,NOR,27,rb,6,1,19,101,0,4,36,5.3,16.8,0
136,DrewBrees,NOR,41,QB,12,12,18,-2,2,4,3,-0.1,-0.2,6
137,AlexCollins,SEA,26,rb,3,1,18,77,2,5,13,4.3,25.7,0
138,DakPrescott,DAL,27,qb,5,5,18,93,3,8,12,5.2,18.6,3
139,PhilipRivers,IND,39,QB,16,16,18,-8,0,0,3,-0.4,-0.5,2
140,LaviskaShenault,JAX,22,WR,14,12,18,91,0,6,17,5.1,6.5,0
141,JacobyBrissett,IND,28,,11,0,17,19,3,9,5,1.1,1.7,0
142,KyleJuszczyk,SFO,29,FB,16,15,17,64,2,12,10,3.8,4.0,1
143,NickFoles,CHI,31,qb,9,7,16,1,1,2,7,0.1,0.1,2
144,BuddyHowell,HOU,24,,14,0,16,64,0,2,9,4.0,4.6,0
145,TroymainePope,LAC,27,,6,0,15,76,0,3,26,5.1,12.7,0
146,TarikCohen,CHI,25,,3,0,14,74,0,3,17,5.3,24.7,0
147,DarryntonEvans,TEN,22,,5,0,14,54,0,2,9,3.9,10.8,0
148,BrandonAllen,CIN,28,qb,5,5,13,27,0,5,4,2.1,5.4,1
149,TimBoyle,GNB,26,,8,0,13,-9,0,0,0,-0.7,-1.1,1
150,TylerErvin,GNB,27,,8,0,13,67,0,4,21,5.2,8.4,0
151,TyreekHill,KAN,26,WR,15,15,13,123,2,5,32,9.5,8.2,1
152,PatrickLaird,MIA,25,,16,0,13,72,0,4,17,5.5,4.5,1
153,ReggieBonnafon,CAR,24,,2,0,12,69,0,4,22,5.8,34.5,0
154,RobertGriffin,BAL,30,,4,1,12,69,0,4,39,5.8,17.3,1
155,JusticeHill,BAL,23,,12,0,12,60,0,2,19,5.0,5.0,0
156,AntonioWilliams,BUF,23,,1,0,12,63,2,4,18,5.3,63.0,0
157,MikeBoone,MIN,25,,16,0,11,59,1,2,19,5.4,3.7,0
158,RyanFinley,CIN,26,qb,5,1,11,66,1,4,23,6.0,13.2,0
159,RashaadPenny,SEA,24,,3,0,11,34,0,1,7,3.1,11.3,0
160,TrentonCannon,CAR,26,,14,0,10,33,0,2,13,3.3,2.4,0
161,ChaseClaypool,PIT,22,wr,16,6,10,16,2,4,8,1.6,1.0,3
162,JimmyGaroppolo,SFO,29,qb,6,6,10,25,0,3,9,2.5,4.2,2
163,TylerHuntley,BAL,22,,2,0,10,23,0,1,19,2.3,11.5,0
164,CeeDeeLamb,DAL,21,WR,16,14,10,82,1,4,19,8.2,5.1,2
165,LeSeanMcCoy,TAM,32,,10,0,10,31,0,2,14,3.1,3.1,0
166,IsaiahMcKenzie,BUF,25,wr,16,7,10,9,0,2,14,0.9,0.6,0
167,CJProsise,HOU,26,,10,0,10,19,0,0,7,1.9,1.9,1
168,AlexSmith,WAS,36,qb,8,6,10,3,0,0,5,0.3,0.4,2
169,TJYeldon,BUF,27,,3,0,10,70,0,5,34,7.0,23.3,1
170,LynnBowden,MIA,23,rb,10,4,9,32,0,3,11,3.6,3.2,0
171,BlaineGabbert,TAM,31,,4,0,9,16,0,0,16,1.8,4.0,1
172,KJHamler,DEN,21,wr,13,4,9,40,0,2,15,4.4,3.1,2
173,DontrellHilliard,2TM,25,,7,0,9,48,0,3,19,5.3,6.9,0
174,MarcusMariota,LVR,27,,1,0,9,88,1,8,26,9.8,88.0,0
175,ColtMcCoy,NYG,34,qb,4,2,9,12,0,0,4,1.3,3.0,1
176,NickMullens,SFO,25,qb,10,8,9,8,0,1,7,0.9,0.8,6
177,HenryRuggs,LVR,21,WR,13,12,9,49,0,3,12,5.4,3.8,2
178,JaylenSamuels,PIT,24,rb,14,1,9,28,0,1,6,3.1,2.0,0
179,AmeerAbdullah,MIN,27,,16,0,8,42,0,4,13,5.3,2.6,0
180,DavidMoore,SEA,25,wr,16,6,8,61,0,4,15,7.6,3.8,1
181,DeeboSamuel,SFO,24,wr,7,5,8,26,0,1,10,3.3,3.7,0
182,DwayneWashington,NOR,26,,11,0,8,15,0,0,5,1.9,1.4,0
183,JameisWinston,NOR,26,,4,0,8,-6,0,0,3,-0.8,-1.5,0
184,KyleAllen,WAS,24,qb,4,4,7,26,1,3,13,3.7,6.5,1
185,MichaelBurton,NOR,28,fb,15,4,7,18,0,6,7,2.6,1.2,0
186,RicoDowdle,DAL,22,,15,0,7,24,0,1,7,3.4,1.6,0
187,ChadHenne,KAN,35,qb,3,1,7,-2,1,1,1,-0.3,-0.7,2
188,MasonRudolph,PIT,25,qb,5,1,7,-6,0,0,1,-0.9,-1.2,0
189,JarrettStidham,NWE,24,,5,0,7,7,0,3,6,1.0,1.4,0
190,ChrisThompson,JAX,30,,8,0,7,20,0,1,5,2.9,2.5,0
191,LoganWoodside,TEN,25,,6,0,7,10,0,1,18,1.4,1.7,0
192,JamalAgnew,DET,25,wr,14,2,6,33,0,3,11,5.5,2.4,2
193,BrandonAiyuk,SFO,22,WR,12,11,6,77,2,3,38,12.8,6.4,0
194,AlexArmah,CAR,26,,16,1,6,9,0,5,3,1.5,0.6,0
195,MattBarkley,BUF,30,,5,0,6,-6,0,0,-1,-1.0,-1.2,0
196,CJBeathard,SFO,27,qb,6,2,6,28,0,1,17,4.7,4.7,3
197,AmariCooper,DAL,26,WR,16,15,6,14,0,1,10,2.3,0.9,0
198,BenDiNucci,DAL,24,qb,3,1,6,22,0,2,10,3.7,7.3,4
199,JeffDriskel,DEN,27,qb,3,1,6,28,0,3,9,4.7,9.3,0
200,EvanEngram,NYG,26,TE,16,14,6,26,1,1,9,4.3,1.6,1
201,JoeFlacco,NYJ,35,qb,5,4,6,22,0,3,9,3.7,4.4,1
202,MikeGlennon,JAX,31,qb,5,5,6,17,0,2,4,2.8,3.4,2
203,DeMichaelHarris,IND,22,,7,0,6,46,0,3,19,7.7,6.6,0
204,DeonteHarris,NOR,23,wr,9,2,6,51,0,2,23,8.5,5.7,3
205,ElijhaaPenny,NYG,27,,14,0,6,15,0,4,5,2.5,1.1,0
206,ArtavisPierce,CHI,24,,5,0,6,34,1,2,23,5.7,6.8,0
207,TheoRiddick,LVR,29,,4,0,6,14,0,1,11,2.3,3.5,0
208,BoScarbrough,SEA,26,,1,0,6,31,0,1,12,5.2,31.0,0
209,SterlingShepard,NYG,27,WR,12,12,6,49,1,2,23,8.2,4.1,0
210,TyrodTaylor,LAC,31,qb,2,1,6,7,0,1,4,1.2,3.5,0
211,JohnWolford,LAR,25,qb,1,1,6,56,0,4,14,9.3,56.0,0
212,TylerBoyd,CIN,26,wr,15,8,5,49,0,2,25,9.8,3.3,1
213,AlexErickson,CIN,28,wr,16,2,5,7,0,0,7,1.4,0.4,2
214,CJHam,MIN,27,FB,15,11,5,18,0,2,10,3.6,1.2,0
215,TeeHiggins,CIN,21,WR,16,14,5,28,0,1,13,5.6,1.8,1
216,JasonHuntley,PHI,22,,5,0,5,19,0,1,10,3.8,3.8,0
217,TraceMcSorley,BAL,25,,2,0,5,17,0,2,9,3.4,8.5,0
218,GunnerOlszewski,NWE,24,wr,13,2,5,23,0,1,12,4.6,1.8,1
219,JoeReed,LAC,22,,11,0,5,29,1,1,8,5.8,2.6,0
220,CalvinRidley,ATL,26,WR,15,15,5,1,0,1,8,0.2,0.1,1
221,BrettRypien,DEN,24,qb,3,1,5,-5,0,0,-1,-1.0,-1.7,1
222,PhillipWalker,CAR,25,qb,4,1,5,-2,0,0,2,-0.4,-0.5,1
223,RobbyAnderson,CAR,27,WR,16,16,4,15,0,1,11,3.8,0.9,1
224,CameronBatson,TEN,25,wr,12,1,4,20,0,2,11,5.0,1.7,1
225,LeVanteBellamy,DEN,24,,5,0,4,11,0,0,8,2.8,2.2,0
226,DevinDuvernay,BAL,23,wr,16,3,4,70,0,3,42,17.5,4.4,0
227,MecoleHardman,KAN,22,wr,16,8,4,31,0,2,20,7.8,1.9,2
228,CooperKupp,LAR,27,WR,15,12,4,33,0,3,16,8.3,2.2,1
229,JarvisLandry,CLE,28,WR,15,14,4,10,1,2,5,2.5,0.7,2
230,MarlonMack,IND,24,rb,1,1,4,26,0,2,18,6.5,26.0,0
231,Ray-RayMcCloud,PIT,24,wr,16,2,4,65,0,1,58,16.3,4.1,2
232,DarnellMooney,CHI,23,wr,16,9,4,20,0,1,16,5.0,1.3,1
233,JalenReagor,PHI,21,WR,11,11,4,26,0,2,19,6.5,2.4,2
234,KeithSmith,ATL,28,fb,16,7,4,7,0,4,3,1.8,0.4,0
235,TommyStevens,CAR,24,,1,0,4,24,0,2,10,6.0,24.0,0
236,ChrisStreveler,ARI,25,,5,0,4,15,0,2,12,3.8,3.0,1
237,MarquezValdes-Scantling,GNB,26,WR,16,12,4,13,0,1,9,3.3,0.8,1
238,OdellBeckham,CLE,28,wr,7,7,3,72,1,2,50,24.0,10.3,0
239,BraxtonBerrios,NYJ,25,wr,16,2,3,29,0,1,15,9.7,1.8,0
240,TonyBrooks-James,ATL,26,,1,0,3,4,0,0,4,1.3,4.0,0
241,GarrettGilbert,DAL,29,qb,1,1,3,28,0,2,15,9.3,28.0,0
242,JakeemGrant,MIA,28,wr,14,4,3,20,0,1,29,6.7,1.4,2
243,TaylorHeinicke,WAS,27,,1,0,3,22,0,2,12,7.3,22.0,0
244,AlecIngold,LVR,24,fb,16,4,3,4,0,2,3,1.3,0.3,0
245,DiontaeJohnson,PIT,24,WR,15,13,3,15,0,0,9,5.0,1.0,2
246,TyronJohnson,LAC,24,,12,0,3,17,0,0,7,5.7,1.4,0
247,TonyJones,NOR,23,rb,1,1,3,13,0,1,6,4.3,13.0,0
248,JohnLovett,GNB,24,,8,0,3,6,0,0,4,2.0,0.8,0
249,ScottMiller,TAM,23,wr,16,5,3,14,0,0,7,4.7,0.9,0
250,RyanNall,CHI,25,,16,0,3,0,0,0,0,0.0,0.0,0
251,MalcolmPerry,MIA,23,rb,9,2,3,5,0,1,6,1.7,0.6,1
252,MichaelPittman,IND,23,wr,13,8,3,26,0,1,21,8.7,2.0,0
253,MattSchaub,ATL,39,,1,0,3,-4,0,0,-1,-1.3,-4.0,0
254,AnthonySherman,KAN,32,rb,13,1,3,8,0,2,6,2.7,0.6,0
255,DiontaeSpencer,DEN,28,,11,0,3,19,0,1,9,6.3,1.7,2
256,AdamThielen,MIN,30,WR,15,15,3,15,0,0,8,5.0,1.0,0
257,LoganThomas,WAS,29,TE,16,15,3,5,0,2,3,1.7,0.3,0
258,CedrickWilson,DAL,25,,16,0,3,-12,0,0,-1,-4.0,-0.8,0
259,IsaiahWright,WAS,23,wr,14,6,3,16,0,0,9,5.3,1.1,3
260,AntonioBrown,TAM,32,wr,8,4,2,-2,0,0,1,-1.0,-0.3,0
261,TreyBurton,IND,29,te,13,4,2,3,2,2,2,1.5,0.2,0
262,DamiereByrd,NWE,27,WR,16,14,2,15,0,1,11,7.5,0.9,3
263,ParrisCampbell,IND,23,wr,2,2,2,16,0,2,9,8.0,8.0,0
264,JeremyChinn,CAR,22,RLB,15,15,2,29,0,1,28,14.5,1.9,0
265,ChaseDaniel,DET,34,,4,0,2,16,0,1,11,8.0,4.0,0
266,JoshuaDobbs,PIT,25,,1,0,2,20,0,1,13,10.0,20.0,0
267,AshtonDulin,IND,23,,13,0,2,11,0,0,8,5.5,0.8,1
268,JulianEdelman,NWE,34,wr,6,1,2,22,0,1,23,11.0,3.7,0
269,ClaytonFejedelem,MIA,27,,13,0,2,23,0,2,22,11.5,1.8,0
270,DJFoster,ARI,27,,10,0,2,2,0,0,2,1.0,0.2,0
271,RussellGage,ATL,24,wr,16,8,2,9,0,1,11,4.5,0.6,0
272,JalenGuyton,LAC,23,wr,16,9,2,0,0,0,4,0.0,0.0,0
273,NKealHarry,NWE,23,wr,14,9,2,0,0,0,2,0.0,0.0,1
274,MylesHartsfield,CAR,23,,16,0,2,2,0,0,2,1.0,0.1,0
275,KendallHinton,DEN,23,,1,0,2,7,0,0,5,3.5,7.0,0
276,AndyJanovich,CLE,27,fb,14,3,2,4,0,1,2,2.0,0.3,0
277,ChristianKirk,ARI,24,wr,14,10,2,3,0,1,3,1.5,0.2,1
278,GeorgeKittle,SFO,27,te,8,8,2,17,0,1,9,8.5,2.1,0
279,AllenLazard,GNB,25,wr,10,9,2,17,0,1,19,8.5,1.7,0
280,TommyleeLewis,NOR,28,,5,0,2,14,0,1,16,7.0,2.8,0
281,TerryMcLaurin,WAS,25,WR,15,15,2,30,0,2,27,15.0,2.0,1
282,JakobiMeyers,NWE,24,wr,14,9,2,9,0,0,7,4.5,0.6,1
283,AnthonyMiller,CHI,26,wr,16,6,2,12,0,1,9,6.0,0.8,2
284,DJMoore,CAR,23,WR,15,14,2,22,0,1,21,11.0,1.5,0
285,GabeNabers,LAC,23,fb,16,5,2,7,0,1,4,3.5,0.4,0
286,SenorisePerry,TEN,29,,7,0,2,9,0,1,6,4.5,1.3,0
287,ScottiePhillips,HOU,23,,8,0,2,9,0,0,5,4.5,1.1,0
288,BrandonPowell,ATL,25,,15,1,2,7,0,0,4,3.5,0.5,2
289,DariusSlayton,NYG,23,WR,16,15,2,-1,0,0,2,-0.5,-0.1,1
290,GenoSmith,SEA,30,,1,0,2,-2,0,0,0,-1.0,-2.0,1
291,JonnuSmith,TEN,25,TE,15,14,2,4,1,1,3,2.0,0.3,0
292,NateSudfeld,PHI,27,,1,0,2,12,0,1,12,6.0,12.0,1
293,GregWard,PHI,25,wr,16,10,2,-4,0,0,2,-2.0,-0.3,2
294,DexterWilliams,GNB,23,,3,0,2,8,0,0,5,4.0,2.7,0
295,ShawnWilliams,CIN,29,,13,0,2,46,0,2,39,23.0,3.5,0
296,IsaiahZuber,NWE,23,,4,0,2,21,0,2,13,10.5,5.3,0
297,JordanAkins,HOU,28,te,13,5,1,4,0,1,4,4.0,0.3,0
298,KeenanAllen,LAC,28,WR,14,13,1,-1,0,0,-1,-1.0,-0.1,3
299,DannyAmendola,DET,35,wr,14,5,1,2,0,1,2,2.0,0.1,0
300,BlakeBell,DAL,29,te,16,2,1,2,0,1,2,2.0,0.1,0
301,NickBellore,SEA,31,,16,0,1,5,0,0,5,5.0,0.3,0
302,DavidBlough,DET,25,,1,0,1,18,0,1,18,18.0,18.0,0
303,CJBoard,NYG,27,wr,14,4,1,3,0,0,3,3.0,0.2,0
304,MarquiseBrown,BAL,23,WR,16,14,1,1,0,0,1,1.0,0.1,0
305,NoahBrown,DAL,24,wr,16,1,1,4,0,0,4,4.0,0.3,0
306,JasonCabinda,DET,24,mlb,16,2,1,0,0,0,0,0.0,0.0,0
307,AJCole,LVR,25,p,16,0,1,0,0,0,0,0.0,0.0,1
308,KeelanCole,JAX,27,wr,16,5,1,2,0,0,2,2.0,0.1,0
309,JamisonCrowder,NYJ,27,wr,12,7,1,14,0,1,14,14.0,1.2,0
310,GabrielDavis,BUF,21,WR,16,11,1,0,0,0,0,0.0,0.0,1
311,StefonDiggs,BUF,27,WR,16,15,1,1,0,0,1,1.0,0.1,0
312,GeraldEverett,LAR,26,te,16,7,1,2,1,1,2,2.0,0.1,1
313,WillFuller,HOU,26,WR,11,11,1,0,0,0,0,0.0,0.0,0
314,AntonioGandy-Golden,WAS,22,wr,6,2,1,22,0,1,22,22.0,3.7,0
315,JamieGillan,CLE,23,p,16,0,1,-2,0,0,-2,-2.0,-0.1,1
316,TerryGodwin,JAX,24,,3,0,1,3,0,0,3,3.0,1.0,0
317,MarvinHall,2TM,27,,12,6,1,1,0,0,1,1.0,0.1,0
318,PennyHart,SEA,24,,13,0,1,19,0,1,19,19.0,1.5,0
319,JeffHeath,LVR,29,fs,13,5,1,1,0,1,1,1.0,0.1,0
320,TylerHigbee,LAR,27,TE,15,15,1,1,0,0,1,1.0,0.1,0
321,JohnHightower,PHI,24,wr,13,4,1,1,0,0,1,1.0,0.1,0
322,TJHockenson,DET,23,TE,16,16,1,0,0,0,0,0.0,0.0,1
323,AmaniHooker,TEN,22,fs,16,3,1,4,0,1,4,4.0,0.3,0
324,DeAndreHopkins,ARI,28,WR,16,16,1,1,0,0,1,1.0,0.1,3
325,BrianHoyer,NWE,35,qb,1,1,1,8,0,1,8,8.0,8.0,1
326,AndyIsabella,ARI,24,wr,13,2,1,-6,0,0,-6,-6.0,-0.5,1
327,DeSeanJackson,PHI,34,wr,5,5,1,12,0,1,12,12.0,2.4,0
328,JustinJefferson,MIN,21,WR,16,14,1,2,0,0,2,2.0,0.1,1
329,VanJefferson,LAR,24,,16,0,1,-1,0,0,-1,-1.0,-0.1,1
330,ChrisJones,DAL,31,,8,0,1,0,0,0,0,0.0,0.0,0
331,AdrianKillins,PHI,22,,1,0,1,-12,0,0,-12,-12.0,-12.0,0
332,ColeKmet,CHI,21,te,16,9,1,-3,0,0,-3,-3.0,-0.2,1
333,TyLong,LAC,27,p,16,0,1,-28,0,0,-28,-28.0,-1.8,0
334,JakeLuton,JAX,24,qb,3,3,1,13,1,1,13,13.0,4.3,2
335,JoshMalone,NYJ,24,,4,0,1,12,0,1,12,12.0,3.0,0
336,SamMartin,DEN,30,p,16,0,1,0,0,0,0,0.0,0.0,1
337,BarkeviousMingo,CHI,30,olb,16,3,1,11,0,1,11,11.0,0.7,0
338,DonteMoncrief,NWE,27,,6,0,1,4,0,1,4,4.0,0.7,0
339,CJMoore,DET,25,,12,0,1,3,0,0,3,3.0,0.3,0
340,JojoNatson,CLE,26,,3,0,1,3,0,0,3,3.0,1.0,0
341,SharrodNeasman,ATL,29,cb,16,2,1,2,0,0,2,2.0,0.1,1
342,QadreeOllison,ATL,24,,3,0,1,3,0,1,3,3.0,1.0,0
343,DevineOzigbo,JAX,24,,8,0,1,1,0,0,1,1.0,0.1,0
344,BreshadPerriman,NYJ,27,WR,12,12,1,6,0,0,6,6.0,0.5,0
345,NathanPeterman,LVR,26,,1,0,1,9,0,1,9,9.0,9.0,0
346,KalifRaymond,TEN,26,,15,3,1,-3,0,0,-3,-3.0,-0.2,0
347,CraigReynolds,JAX,24,,2,0,1,4,0,0,4,4.0,2.0,0
348,JoshReynolds,LAR,25,WR,16,13,1,5,0,0,5,5.0,0.3,2
349,PatrickRicard,BAL,26,fb,15,10,1,-1,0,0,-1,-1.0,-0.1,1
350,AndreRoberts,BUF,32,,15,0,1,-3,0,0,-3,-3.0,-0.2,3
351,AllenRobinson,CHI,27,WR,16,16,1,-1,0,0,-1,-1.0,-0.1,0
352,EmmanuelSanders,NOR,33,wr,14,5,1,12,0,1,12,12.0,0.9,1
353,MohamedSanu,2TM,31,,10,4,1,3,0,1,3,3.0,0.3,0
354,CamSims,WAS,24,wr,16,10,1,5,0,0,5,5.0,0.3,0
355,StevenSims,WAS,23,wr,12,2,1,18,0,1,18,18.0,1.5,5
356,MattSkura,BAL,27,C,15,12,1,0,0,0,0,0.0,0.0,4
357,TreQuanSmith,NOR,24,wr,14,10,1,3,0,0,3,3.0,0.2,1
358,EquanimeousStBrown,GNB,24,wr,12,1,1,7,0,1,7,7.0,0.6,0
359,EastonStick,LAC,25,,1,0,1,-2,0,0,-2,-2.0,-2.0,0
360,MalikTaylor,GNB,25,wr,15,1,1,9,0,0,9,9.0,0.6,0
361,MichaelThomas,NOR,27,wr,7,5,1,1,0,0,1,1.0,0.1,0
362,MikeThomas,CIN,26,,14,0,1,1,0,0,1,1.0,0.1,1
363,DarianThompson,DAL,27,ss,15,7,1,3,0,0,3,3.0,0.2,0
364,AustinWalter,SFO,24,,4,0,1,3,0,0,3,3.0,0.8,0
365,SammyWatkins,KAN,27,wr,10,9,1,3,0,0,3,3.0,0.3,1
366,TrevonWesco,NYJ,25,te,12,4,1,0,0,0,0,0.0,0.0,0
367,JonathanWilliams,DET,26,,5,0,1,5,0,0,5,5.0,1.0,1
368,MikeWilliams,LAC,26,WR,15,11,1,1,0,0,1,1.0,0.1,0
369,JavonWims,CHI,26,wr,13,1,1,2,0,0,2,2.0,0.2,0
370,OlamideZaccheaus,ATL,23,wr,11,2,1,0,0,0,0,0.0,0.0,0
371,BrandonZylstra,CAR,27,wr,16,2,1,1,0,0,1,1.0,0.1,0
